Txhash,ContractAddress,ContractName
0x802209bc6bbfe51ea5316f359d6301fecbcceaef13e957627b207d1726d532df,0xaba4746f68677251c2d0850162e3dae4060526d7,ORNO
0xbed398dc689c368147af9e6622627d513cf9de8d21349f94111454553d83d474,0x210f6bf682a88b3a449f8472426a08b3d4925a38,NFTStaking
0xb3b7ae72b06b59074271b9a448071fd614c83fe23ce2af3c14086ceaea1b1811,0xa2eb6c8ab9ba46879Aa77eCD16B785E15EA23734,airdropalertme
0x9a0751887b7f4b28a52d3d00c8fa4d29ac5d6f8e29733fdad644a7ed7b4367a0,0x4fe26d4a3147c6de1456f4a55a49a3329d723d89,EggsVault
0x6809aef4596d0b38d466ee7051e2ff9f30666ee0197d430f70841a6b4072def4,0x371f6EB514eB8DE60f29E4c246BfBA1108159D29,MiltonUsdc
0x149c3cd74a7b17c85df4c5eff6475b27c93d5ae44d166faa97d51a7855f39f47,0x6cbc9b6b7f1ce357cbd5e6aa4284ff97eec71abc,FrenchKissed_Frenchies
0x61204cc729d862580a310c5ab8a90569a13b599fa9c0feb55badc397fcd309f0,0xc97fbe7dca0c03fbd0d0aa97a9c9a80f0e86a0d2,AiLanguage
0xc5c9f1b1ed94c99fcbb0947d64337165a6b8381fe62d356af8bb70654e4e81f5,0xccd400de8a63458331b64051f456c3f62636423a,RedBoots
0x0751abd7243af7b5282d2de2b8eccd851533127979ddc313d68af5d92282ec7e,0xcca6fb90270ad306c0a799faadb253600fd6afff,BUMBLEBEE
0x336b7e0544f0419bffd8e640f72b9b77c9ed10a96935917e9e81213fbd12c403,0x193c5e67ce2ea1a4b98fd07575a64bdd4b19f78b,Spektor
0x085f5c52757ca839fbcbf685d2b9c8df8e12a0a6077c34bad225e2527cd182e1,0xfe5358373751304372b4988de5ee405ba39232f7,ShibaWarriors
0x10c18957d17f233dc260ed9b0c59626904c46bb6f46a490c9be93a9116231d0c,0x8a3a4A65b3c820355eeCf754a47682460B25eBd2,Bizhuanka
0x5c17b979dc490f7ad25cd68c5201944e18fcfa450a0cfe5b8e9dea28118f1ffc,0xd4e6d1584ae8ce8b7521c18dd86adcc7648aefa2,Luckyseven
0xd42824fc2d11d7084e0ec2f86f43a77246685327f0fdf4cf76413938c0365303,0x6fE512E493C0b53c81B7761725A89e82D23b1760,SpectrumAI
0x59a1ef47cc00723e6d07bfa70c367222489147cad80d62fcb51e669814aac2c7,0xc48758C81b8013Ade9D10a730D3f974A2B4Aa25e,ERC20SOUNDAI
0xc5a70e9fdb4c1e0d5d40b55f3ab3df1200d94121081a2c8d4a717ab6365d54b5,0xBFAb047349E5d8A6BC4A714970Ca1C80D6BAc978,utils
0xe463a4823b3743baf94b41ab083d975f27fdfb853d29fc07faa737f63ffd8f0f,0x742B809625FB777CC9A332bb61249481FaE59092,BlackHoles
0x3df0a0317e42528dbcf2e4aa838a6d1f7a35d7435c4e1782df0f9e3f017fe073,0xaBCce6b19154F60091D458d3A23EF5aaF0B2BAf2,Tsukiko
0x9ba2b86868c993e4d84d084e37ec75d4811da24283c0d8151a891a339016f3cd,0x918d52f547c1fb57235abb4b5c3ee5088678e0fa,SoundAi
0x5edb8dc1e1c6defde0c5de121e495ff71ffda5baa0dcb1fa3a3f838d857e9473,0x02FbeE18AC8Ab60D29a1D9633d47285cFdE14291,Jazzercise
0x86cfb1cb6e27d30fbf404d8716f4f85f68be755c26e20856c9454b5e23f4ef01,0x56702f604f462a3ffecf43f2dfc894831d4b36bd,RetroZone
0x20c012405f42b6384d3aef797e5ceed57576e6408b0613e87ccf127dd62d7193,0x12be6a4d52eb31a06604afabedde31afa3d55774,ShadowTsuka
0xd6d3e299662ae22dc6106884753e6ef037f02a3c486ad17ef6e7744f93863c3c,0xb1c8761369602CCF2Ba55E34A96C212f99A7008C,APEAI
0x81fb0c34224f19bd2254d6f2673f87c7f8b0028ad37d3dabb1158b3f4ab39c37,0x7d60de2e7d92cb5c863bc82f8d59b37c59fc0a7a,DeeLance
0x2416119d34126c8e664361bf0875afeca0bb294329773ac2f7c3f2152f923bfb,0x1227c247e718f0a2f448b2895c3ad404526ca896,iCAN
0xea9f94ad2dbbd529a4e0e2fa4ffaa59e9606049bf167339a7609f6ffc47a36b5,0xcc0d7faa99631937c3a4affb94361c33ef40f939,ZOOX
0xe27ed90c76173b9e15ca48ef6c8c171e17609c7176001afc9da60d1ef17e8eb0,0xc12b42381910193dcf797b2a36eaff6f94d26f67,FomoApe
0xbf2325cf616f78d63c503e3588f7c1c7cd426b55704e0c74da426583387f7ea7,0xee577ce8625c40d9a0bf049d7875a60cb1651865,sushiMigrate
0x8a2f266432f446913c5d694c6e6e94c9746a7e52cb264f7ecea9bd05e87db95b,0xc71957e926aa457d173aefd9f82ab3b53c263cce,Illuminati
0xefea9d5326979a36a0b1f7c8cd9609db6dd6ae8efd744057ea02fdd16bad639f,0x08509fb3Ace46D4D9b35699658eD4Ca872fa3f1e,Chicken
0xc95af84503cf6a1a4e7ead9c397b47d1e7c7837cf5e80645f8f80b26d4cdcdcd,0x010a526c562f14ecc97a300ada11e38ab6d985a5,TokenSwap
0x2ae0fe597d6eb938bc44f178a5700d761374ff0c3ab4c4e4eb401ecb80682a5b,0xb1592c8b4817532a4a3b5a8b9f667e1bdded9bb1,Microphone
0x4a29129a45920184b4751b3600f1b490d2dc4136849ddf80630b8bc2622124e2,0x2eF002aa0AB6761B6aEa8d639DcdAa20d79b768c,OFTWrapper
0x6ca48adb0968c0805637abf9108254f4e82a5fa6e934cf16c0846f1935a7cf77,0x718ae08ceda2419e4ce2bf56e69f36e7236a2209,oDAO
0x6cee380f0cd428c47f96b07ec39dac0e25be6f90c1106c9f241ff490bdec176a,0xe198cbb727758b9ad38a12e1ad475a843e5e730f,TokenLockFactory
0x32d1d9ddb4442072b8e333f4cf6147bf3eac10840bd81cfd3c35fb91d18b7151,0xadd155731473a9501881234a865ff79668f1b6cf,HATVaultsV2Data
0x4648a9119a05b2f372cbfb332b880772a4826cb1b7435aa5f185ac212d9e4bb8,0xC570c434ba30a2fa5C07E590833246E18aa6B0a3,HATVaultsRegistry
0xc8d8c14407e0f807361f937ba3ce9d74d72d05ebf7597641511ce29fe4ad1f8a,0x225A2A0Dea1357c808B4eb8BC423507dD4bbc401,HATVaultsNFT
0x74e99a57b3b4879d7ebd188543dcec2a37b962f06ec92e0aa6a61711ac817907,0x028A7C6873dFA8357c9dcF9C9d76EF2abb66256E,HATVault
0xc0bda68a68304296c2c438c29c42dc36730750c0934166e29f9623f06e0def45,0xd978eb90eb1b11213e320f4e6e910eb98d8df1e4,HATTokenLock
0x1b485c1a9aa85cace3acc316dfb30eb35770cf5a386ac9094a4f9e2a9d6ac2d0,0x07368F6a959Ef3096230a258dd0af692699c3a4c,HATTimelockController
0xf4b3657feeed9ef77233e63f2230a2ec16e1f9335957666e44c192d43693fe12,0xcBe0b90bfe99f827B8BCB5C5Ac4b17107caEA814,HATGovernanceArbitrator
0x015517a7a69bda052a34aa0eaac5ce6a67ab81d596a2b3f93e989a9544346c11,0x24d2a51532e1d4e72cc6ddace326dd4626b1e582,Sale
0xb79279a4fd25300317b0932dee97ba5c30770e40d0184cd5d03489462aae3d8d,0x1dd764cf61c8e56ea048374fece83ffa40616569,DeterministicDeployFactory
0x6f52ed7f26454d0c499d869e755451bc6978a48558494972ae3c95f8f75b3a41,0x2E2aD0Dc35087814f883fE19066FBb23E020Fe09,VITALIKSVISION
0x8ac4c9fdcf49fdb90e12884dde72cd4f0afa6b1b5882ddcd9b9777d277dbbebf,0x5e8ebb796f7f393dbba64b6dbcd929f3d4954f56,CYBEREYE
0x05e39ac91b040b43130cbc382de16fe769f8cf645550761e3c4ba8f1417570fb,0x9C5c30e18744ccCE6a742d4c433edFf8b108933D,DragonMerge
0xac2c4444b7a88c7ad8383bd14fc11d942eba9f9751894b8d9855a025733ac37b,0x42816b1a1f5bD21d4c64BBb89aCe59fAC381D1b5,SicAi
0x712b28edc2a96cc977012bb9738b006c43106cdcebdec946dd15700253bb770b,0x9cfdADaEfCA0052A04AF5695E40829A62f4B0559,SFraxEthTokenOracle
0x0d08283c01f1da540b1e7969a42c54838c82375f469d4f4cdfecfe313eac383d,0x0cd6b2d59b7823f9a960d0ba65c92fc30089de5a,OpepenPFP
0xf5219435b6ab9ebe366f32e1897807f38718931e37381b101d2c30d5e27beabe,0x29CB128115497B36761bEf61f7C78d990DFF059c,CosmicAliens
0xbc1cbe240ee70b0cab224b03f6ab57cd2693e4c1a35335faa2293f6af25878f3,0xf8fa7192cdC68e73A83Deef1b9e8942e49e63a74,SimpleToken
0x434dc6e4cb17dffac04a8baca05af0f7a5e150053838afecd4b5482329a53853,0x4242fd6429a9a1444ebae736a23a1340147e6b6d,OpedotsEdition
0xe4a7a3351e61098d0d349114416cf4ba660d26d535829cfbe11b51900434aa7d,0x0f65c4c5dba33427352546d338ebe2559e0adaa8,OrdinalScribe
0x3b327d4076f2f7c36059522da4e6d6fa2bd3afa696ffe33125e9c1ecd8850075,0xaaa9214f675316182eaa21c85f0ca99160cc3aaa,QANX
0x9cb7a1441874a3ce2ee0de50b61cfae8692f4b2413c97480a0ce8fea58cf00c0,0x77bed0e327aa3f2bfbb4d78856ece445e1d06e32,SatoshiPass
0xb7ee9c27e27fadc1db08762eddefeb95dd5ca3689ec2af358ee03dc0150576ae,0xcd60d912655281908ee557ce1add61e983385a03,WorldOfDypians
0xb6d18e60389b716986c3fe0263d8814ddf292e8e46f060b41c7e8c0882289e26,0x8252F97a84489Dfe3F81f7Ee3D023F0952831455,CosmicAliens
0x45c07b885131fe29bbca0e91e44cdbdab13ff28c942227e1cf7e51ccd80161ef,0x11c7443f3ec86ca734c911446d2a47e4a4609e64,CRYPTONINJAWORLD
0x48ad468840974d46cbc47a84021d2b6131542ea30f80cd00588dd904c8058172,0x2dbd9c9567870cdc0cbf04a60a34a69247ea500b,Vinlink
0xc369b0bea0ae5c7002360327de863bd427eff6ad8bce2f25ced5af990bdc2dc7,0xfe9e420370f0e3b0f13b6089e5b8bfbb585d0ea9,Mona_Lisa_Artist_Proof
0x1433c0e110adbacd0c12e56432327b0ec7b72ff5683d490c288905647d2750f9,0x163455bC6E36E073882ef8a28AD70783cD8D44b8,CPAY
0xcb1e4b0c2d1180010f0f68f753008f6d72502efdde4b244e8c13ae659df187d2,0xa5901c56c3e4226a058d7982c6575c9dcd39532c,AyyHiiContract
0x7f04df507e58955de2cd6e069a7b1e48e9ace74d2d3f9ec67edcea5fafd6ec2c,0x1d3b535f4e086e38f47943eceeba4cadf2981012,TOKEN
0x09af48f02cde4953e102f543a1fd4935f9c22b02595afc336b24ce0dfdb2cec3,0xd2454356a4d3fc31cc5be4c7c57b7a9b3d97422e,CRYPTONINJAWORLD
0x31b88d1eb4e5e19c0919de6f27fa1090dadd0b4df3d20fd3096c50bd2bb70a66,0xb0652e5d02b4bC9E9AE28263833aB08B639705ba,NFTXVaultFactoryUpgradeable
0xdd55ee809ce8f3e1ccbcc6916adee36af4c7ce3be91e432e38407949eac672f8,0x3AE03EE1ABEf401D74aE297fD883e0A06d8C8df5,ComptrollerG3LiquidationMainP5
0x01dd9b7bb7d2dd7684209da0b8c4decd985fb35d229c329f665dce82057bad5e,0xb6cdF387c607a1a1178A9E983F36aEde65DA57f1,ComptrollerG3LiquidationMainP4
0x34ba8535508f3e00069cca656908e5476ca06db5386d505da92e6b745318f6ed,0xC5ecef9B0981d2834d2A83f2Cfe85d4d97A19f65,ComptrollerG3LiquidationMainP3
0x1259645ba1350fda04c75064518e3e38e8bfbd1e73e08f5926d8ecd4ddc74ccf,0x35aE171DDA486a77693f8B7C7898867c2F95F4A8,ComptrollerG3LiquidationMainP2
0x28db094aa5f67c21634fb87498d7c8b0bcbb91f8eee1a7e0da949658355b5b30,0xbE36092d081B25BE69777fA05C51F96fC6D91f23,ComptrollerG3LiquidationMain
0x71c38a887abd5d720e559512c3136e3cfb05ff5a023a1c425411c257436415a2,0x6C82980665cB9aCc5f0D5c126732003ab0B41294,trendy_inu
0xb6ecd10752fc5c9fa827e0ea12aadf86c6dd57a00ce02353be3f145b6467935b,0x44f703d198d8de5504075170bceecd3fb4dd0f1b,DssSpell
0x11f3333942f47530888bb92ea69e0afa66e1b043eb50751e1434005bdcadf45d,0x2a096714625ad302821fa7de16d5af76bd81b023,EthToArbitrumBridge
0x2d08cff01f0aa5c2c6187814b9f3438a1c695c185df18d14247c2ab6bbfc104e,0xff234A0FE38dD67440cF7aF3F4636E7a826121DB,DOGIN
0xea579580528b89ccb389ee61f72aa298194de2e2ebe367679751d166680e70fd,0xdc73650339d80b86ef3e552126558864e169029e,DogsOut
0x5581e199f480038cd22b9e0649da2eb77cc7ccbca90e523dbc3d9a70232d63b7,0x77fe9bc7a5a22a973e31f29098e2b03126a30eb5,ElonDogeOut
0x47a1e742e74d3e0c7cc87ae05f02301e94d776333866345d669173d898857ca7,0x342255b4F35e26c6d5370aFFf652A95c3A0EE7EC,dogETH
0xa4026f83b4ce0a8d8ce25340a34077254c3b1d669ac3f77627fd218b1ca61e1b,0xbf57df2305728a1c178e2fef874389399fba8059,TencentMetaverse
0xbff8ef1aca282f5c1c1858fcc7f88b127c34db8c3a6806c011f6a964144dacec,0x7Db28175B63f154587BbB1Cae62D39Ea80A23383,DistributionCreator
0x8e6d67e1d98e4396a0e0926bd3d65fa3fc0c3e7025c3a212606a82c48c359c10,0x918261fa5Dd9C3b1358cA911792E9bDF3c5CCa35,Distributor
0x522e6864f1ad097bf23b3a09fabe509ae7f45187c092c97901ed92dbbac851c5,0x8BB4C975Ff3c250e0ceEA271728547f3802B36Fd,ERC1967Proxy
0x55d9097382ec7454af06b1d0cb083c31461343a61e911ac1e486cdebc18ee45d,0x608b8295856f265a9e5ab645ab4daf99e2e1b94c,ADAM
0x596b6c2b5d84e5037b73bdd041fe42b8161d22721bf25029e4281321163196a1,0x2f76c8d64b30466d62a32a331b2269a2e728df45,WokeCloak
0x698cd02c20ff1f488abd44077a3ffd163e93b5a61f2c1f983fc48d6fa296b29d,0x909F8f582713bc9ac1AaAf5cbE3e0561bCB8495f,SHIBOGEAI
0x0cc9332aaa0e5408ef8345b2e10c121dc8f1458e30ef88ee9015d6a0428b97a8,0xd84b181c9c264d56a369CE1210Bc43A0e4013B92,TRUTH
0x45a375d3fb37d46cd08eedd126538a2f2d3a6ff0cd3ce41766c9e63afbae189f,0x72368d27081a8a4b8642913c95f51ec3aef5d683,dontbidape
0xcff5b334137f22e1e2e1c6b4a4dac9ec69f05c86fc92a10ae05d0986a40127d6,0x9bc64277088874ca13c078e9f4b4261662d7f93a,PigEight
0x9b3aedfb1e485d2ba24b7a09760b5f4bda600863f23f51a35477ace789302d95,0x7B67E3661942FDA6C1D73bBe99856B6a11CdD2EE,OrderOfInk
0xd07c483a5449b8013eb15fbb62df3666fd9d991a0e8086274e8464701a6d7489,0xCFb685df6532987573B156283D06e6af6d523ac0,AEZAKMI
0xf54633d1f0b83e386a50133aed1aaedfa3f23e2e5556f3b98cc46564c49b30c5,0x56bca2962eb4a4cd70d2d5ef5d56433e9161be20,FuckBAYC
0xf0f8783a8fc0d55a6fecc90eff336c6f0d3eaacf17a8a70785c61ca33ae8adc3,0xaaa4d6adf4d801402f6c3e79c3eee09b62b4fed9,Chicken
0xdfbaad943f7cbc954a3a86e0380d1b1a7a9c11e4f8b16a4154f8467687f75ef9,0xa44facaff51be5cbfddf7d7934331b724f896909,EverythingPoop
0x70293670e5af69ebb19649ca3fdca1bd40e3c5ee13bde1aaf3f91edef79ab092,0xa537dfc180a3e8c7f9965a3dd900b13cc91adbee,dividend
0xc800eef0f5b2f964dca1ac653ec988cebe2e81aff7d92335456a689ef1cd2bf4,0x1B6b096C698AD1E363345F48ECede00A4a4b9729,ETHinu
0x5124e829bec473cccec0df726e95d6f133ee690b04c1839c17e7f8ea80eda41a,0xac9563547fb16a252fdd084224b2043f6073fe56,Peter
0x1a35b002f0143ceee1eb7ab0ef496f855b4b8286db549e0fc422bda75e3cd8b3,0x2E42961fE0c76AB7cAa9b0A1efC52ec5F154a730,Top30PioneersToken
0x555dfa2bad435f166e7dd1f5dfc9468fa20fa6f5073d7e7a76607c821b143185,0x2ee39c921d39ae8045a3c1bf905f57488acb1663,ILoveBoobsContract
0x389013054973b3c8c52095a38002ca1c1740b3c7acaaf32602a6f45cdf2a242a,0x54ff35c32bef3a54142410eefc94b94fb2f4b348,BOF
0x839b22f0aeff4459341b0228725964f7f8aca52e00f2e775fae9f160580a0219,0x3a0e56f071f25331834595139d23fa78c3e4b1d5,KATA
0x30ac6ed084a773e7864b77ff23355f2c23c8b5422bc8f8e06fb028efd19c5fac,0xc6bbac73e1f034a07819baf1a062cd2977e80717,VITALICOCK
0xb9bb153309b0c9c6798bf8103189c59a98ffc76945343f31dfc9aa3260267872,0x390d294acb9eab3fca8642c20cfcf7688a86db69,NobushiNFT
0x4c12ce8ad7795302c6a7a277ebf02b60f7924689e57cf79ed3af05ec12751fa0,0x3fd286eef60cdedafcaac76b35c47d99662db348,IROIROPaymentSplitter
0x35f7d5478f9e3ab01d11a91dbcb8907aba07a14bf534cc09603de1e698852140,0xe5bbF3111b67eF9c0bde7237E2e4e69968aE9A6e,MarksmanInu
0xda3382d54d93d2a64c3774c6c688f9efa811e640346de131ca067f8f4d455634,0x3adf792112db3a2ce0e46417c3b6833587df8eb6,Kennel
0x15b076eea1c1bbd23b95d75f350e17433b5ae9587467c3bfcf3aaea0371b8dae,0x1c4cb610166f845dfd6132c3f8145adf862e98e9,ArbitrumPresale
0x9658e34d3d0030525d9fea54756d40c357a2d7f57574f445aa2e95e43b97d4b4,0xd0581ae63b45185129198ba10eaef9d48de3111a,TokenERC20
0x4ab7defa7c4d9235e6fc187eeca009e15e668b8edefda8d3806333de863a5a98,0xc4e5b6f67f837ef7f07644dcfb8525f50577397c,CRANIUM
0xffb62bc728778abddae9940101e7d7c05215847348be7ebea64a26a20ee4fe69,0x2174d5a6559b2f35167986ef053b0fb02ef9122d,NovaFanTeamClub
0xf13aeae23cad1943c97cab6957d0df1bb344c9d6a4a4911325c843bf6c54e7c5,0x1230f0D0601a56a9d4Ce416dBda115419270d042,OrdinalHubEth
0x1d344a5a12a0cc807c23ef3e1979c816292cb956cf58319e355f376fc2819324,0x2f459c9bbc76d2b1df92532106adfe5a45e6354a,DIYTOOT
0xafc231326b26e70988b4b6f8e2e559e02d22e09e41680e6bf10383050f7b5579,0x94f4e78094cdff76aa15a099c92f858ab6c84d08,LilNinjazz
0x01c508f44a6c17507e4d24ba80ff72bd5cd1b84fd05f949c1686ad083eff110f,0x3d7e8a81e431ec97d56cf29b86da57aef9013dfd,MCStaking
0x5935609520e8709733dce24f479148c5929de9b8dac129812cdd7c1349024a63,0x049c883f505d627d0dbd19de62e4fa0d8c5ef2e2,ExplorationOfOrb
0xbc93ee17a96fbdcfba9b9a73d52197ff6482fb64c11f25a7d0ffe315940e4388,0xA4218e1F39DA4AaDaC971066458Db56e901bcbdE,OriginalTokenBridge
0xa3b4643b05476f308ac08d36cd8459470b42910a036f8428918feda0d1126caf,0x72cee642212b7d70f1e9fb55cdd9159dae60e323,Eggverse
0x8c2b3c93c307e8d1c6e322e16d9d6dab80c4f54ef4d20a5e84a2bf31f390623b,0x1f497bcc6332a45dadc53154c80dce79adcd2e6a,LilCastaways
0xe345bd50ee40c278cf3279bbb1fb0ab81fc6ecba953e5ff7b4e756139c3eef9a,0xA7F8a6127733b614Db19F09915c9891EAe6a5F4b,FVSWAP
0x1a0cd8d72afbfd476e7ab80731e04c0f00e69e83023c636c8467632aaeb0c364,0xe6239ae3C7153531909059BB0Dd3DFb2160451D4,FVSTAKE
0x5a2e0d220dd12377194ffebd0842c334aadc1cb24b44daebd183a29c926890f0,0xa0d1e51211c3b9997e4728b02c1a72101a4c4d07,Baihu
0xff18374b789fb9e1c19ca03801493aec79321a915b5a1f13540d228ac4c1cb3d,0x9f41bb56fa9c430793b9ee9c4dd3a6d950e7519d,Cry
0xd848712fd32907e90a3d2e72f8418f5ad343a3d29c4b1547ddde43814d07c96a,0x086da9751ce1881e1ae32a5ba1a1a1e4bacd3029,EdgeOfChaos
0x3c0298077f538edd89f6239e68b99b364b475a48eebe5889666ea003f8ecdd6e,0xe8eb18f2dee5228f6e91b96805e0954c5e4f5066,Ordinance
0x8bfd82605760117bab9bc554e1a69526600afb0a8ec594fc7d6f6bfc966cf4fc,0x01c640963bf34d34071266ec5dfd9aa710366703,Ordinance
0x732ae10ba21c31ce02a064e84bbbb7b3d9458ee002f9ec0afbca821806340c7e,0x60b8fb33921A168F4470d36F36aeF830B63Cda0F,FINEVIPSwap
0xc4592fd0ef241c40ea95cf6dde872ecce8c194aaa46eaecdb68715d723a3783e,0x958572C366058E7C2aF792E3260C1535bd97A77D,FINTVIPSTAKING
0xf64ac1ad13538cb37b02d141581c62a27a2c029ec097adf9d38e835f78fc5ed0,0x30d8242184AD37c95d04a39710941786650aa7Ca,FINEVIP
0x502ee567073002723838a640e068bfc46ab7f53ccd9fe18a2663944efe84aed3,0xa1ffc5a139cbf5f5548e82cca138579ecea881f8,Baihu
0xc62ac0499898572d96de42543611328fa94ddd1b93f09c4c067943b4a28a6407,0x25D53F49daB6FdBb57655A4cD664248292B92DE6,SHIT
0x7e99f6051baa9914aca749abafb21508d2661710beab4508ec2258fbed1c5003,0xc0006ffab7b3dc4d9e9a9b37d4fa6cb783c51a95,MoonETH
0x64a47f87496bcbd2dc930c45b13188282c15bb2492ca79e13f7c91c6a0902913,0x8041988515D1cDF8E7069D85988c73214762b9BD,StandardERC20
0x21e593c7d1496032cf1c8ede2f28df0c03316a450bc170294860b26842b1641b,0x593d4D333aBf74de77e945DC7E3e80a53e1dada8,SHABATA
0x3ffa6c03171b0292bd75e6cf29c0985007d4a329673179d4d2a79993fbaac196,0x8d744515398d6aa2b38c8e89e0fb5dcdb68a236a,RELIEF
0xa9a3c3e1a73a739eb3e836e0d105d2776b7a73d9b45660adeb32af4fe4f0cb86,0x0a6647D0B3d5D566AcF31b6B5e8Cbb6965dd011E,Dejitaru
0x05a56d2758c8e3819e414413d42c539fb32af95dd56e9ac284020c27ded31526,0x34b480923fa6c3696Fcd53A6D347E1e1c7A0F60C,LockedTokenGrant
0x7f229877deb8de22fe8021cc4db7b58df644c6778f2e0551d3d42da0de98c06a,0x5567132008E7a8fD76B9E9ab2d326215158Cc3fF,LockedTokenGrant
0x0b247f25f04d78ffee18c4ab56930a02ecafd3d636b3f7d5a85fb16af7a7456e,0x750c7905D5BDa8237264253Aea03914f24EAd973,LockedTokenGrant
0x8139d3f5c3f0ec0f405fbcf2f96fbab15069e33eaf7ef351083c084401463477,0x71B5eB335Ed295791B3CDFc718078c6d767f1285,LockedTokenGrant
0x12dd6d833193b555681577abadb5a7e011b343ef7008c0578a85f3a816e1c204,0x73042180fFe863417DE54B7D0d531c36877EA352,LockedTokenGrant
0x4fb80fbb094ff5518f0f315889459a3aebb5b04b61dcc0c1875aaea28bf61d5c,0x613D9ef5Db6af0ceab12E7557035ACF63764f2c2,LockedTokenGrant
0x658e7e0877f0106008deb6a15eca6e9f975384fe4ba635c22b4d9002926c9071,0x15E6d9613567D80e4Cf72947A98DC5ec2B1093fD,LockedTokenGrant
0xeaf7e90111eedb5d503fc9b3d78bf23dc4c83293ec7f334d355e74e88f126f36,0xb46eAEFE925Ef48C0Ea5DD93E5014e6F80Ce9D59,LockedTokenGrant
0x8ab88ca1e5b9c67d56489347cd6cc02b5f890ca00cfa430e9c5527f5e5f06fdc,0x4683135677c650F380755b345dD527104653eB35,LockedTokenGrant
0x08513318c40a9dac6927edd29e464d996b92374edf5a294a0fd35b343e92dd16,0xf0AF7421357fF4A85D673d040FbFffd4953f9e24,LockedTokenGrant
0x4ca82b2e54d5961504e00b41ec26fd08c114a97690a2b70e0ea1583a230f1100,0x77014CD04fFFC7B80fFB9E500eC935826846aE3e,LockedTokenGrant
0xf6e6e9d898a33b275e9c2a22b796ce2ab355bb36c223be9195ec3213c25826db,0x75cD8f033CA37Ec0D8e3bD511772d8809F54273A,LockedTokenGrant
0xf579cf7ee94fc5464dd23d98b26cd9634820a140b6ea8aab8fe9d98a0e0df605,0xDa7DE69621e61B71e99a00D152eA05b85644d03E,LockedTokenGrant
0x83ac3b1f95b4041e6db5a6c34b3aaa45a7bf7f41e5cce7bafa12ddb5254f47b6,0x84d082f38e1c876f0a4ae3e2dfd2aaedeacfe45b,FLOKELON
0x39fd4e5f10e62995d79dd9e51e344b4606cbf2b358a4d11def74fa2ede9475d9,0x8089fc6e6b8e03fa4353cc2f076cc52319274cf9,Visual
0x5e461f3e9f38df4d4d2d766bf0481a8ee03176bcb9a919820262cb5be9a710e1,0xB500BbC97A51C64820784B025C68854FaE53C598,OrdinalScribe
0x3bf36d7e30512be0027f5d8f625c4c23d7d65ad00f8d796e3e4576fb51a9c0e5,0x5a06ba1E12fdfefa968bf75d38F81F231C00B9e1,GasPool
0x0a186640144788fbfcbf665b04e6645f6988d10a5b3f2dba3f4515c782479446,0xdf350d864352949834343252646233c781fC0f06,DefaultPool
0x71e1b4d220b9d81dee28184b28e86400e6c290b37c3037cc2eee6feb0ad02d79,0xa3e909cfe59ee8bfd501a887c4216239c4390a57,SHUNI
0x8250df66bcc9a497d3a10d3005d4e1a05f6a6267abd09e2f534861592c8b9562,0x0a59eca9459735e03d3cdc2fb6260db7f24dead1,MemeCoinMafia
0x1cfeb3bd2c29a14e2ef6d554bffe02f35a55f22b4651b783fdb9005d9c141262,0x2574722289ec25f70e1beac6813ab54fb6fe6f3e,Visual
0xe18707f7c34aff9707cc70c18e7ebf390745dca04a40c517cc107fabb9949876,0x12b28fb0eb7da77e967e5a8de8be1f8b94b38a8e,MOCAVERSE
0x1ff030d644c679440fc76176f672926c3abb88eecbd4e1aeda2a557b5c590107,0x8e2d7bf625a3b8cec93b87d6906eef0b927f7a05,TheMagicofOrbitalz
0x4325b788a6b169a5620b66e4e6f8f57f2b42d207b2d1749adb9cf7c4a7965248,0x3287f0DECf1473e9C07b4fb45aef13F2bA578A76,SHIBMANIA
0xbfd877806bade0dd9e74071f6d2cfb196a312cd8c9bf0dd964fd0b70cde9ceb5,0xA07Fba8fFe1B291e231edc5A4De8f6BbF6c382cA,AddressLib
0x093789a2e23b3459c27467b63a4c17fa6a7671ba798a9af1064b49f92e897da2,0xdb090f273004f6155e15bf8e92f63afe87a9b560,Penis
0x758596fe5ed77cb7e0f29f0f6eb565cc88546fee4214608f8ee4245dc96515a7,0xb79473b2df8301ffd737150f783bfb515e03dbbc,OrdinalNameService
0x667cf7d5a64f9e3c72c2e06d6a5f7f76192b72687a7c0ae40c95475adcfa9dc3,0xC77b5b36EAdD48be1f079Ae2b477DF6FEc46E49B,TradeI
0xbeb873d2a1d092b9e3a20a317423339876a89efe442f567aab54909cd484953f,0x3C575aF91e89Ea009256a1258f0B6b3d5FcA205b,AutoSniperAI
0xdaff349d954b2f4ae2f999ce7a92e9e4bd24e2f6fd1a2f42ceeffc9a80d54b2d,0xe44378e211542e33bc9095eddc389a8251353321,SHIBMANIA
0xf38c69e9eef0882e1d487ea88576a9179fce2fc4f60373797a86e60ff551c35c,0x6c64db87786a114233149ecbd4679e37b01305c5,Shibmania
0xba55771b66b4005275f869650929c74068323abb33ee3234f5f65a16f8d9d217,0x34ff2081654ba16bab0d132fccfaa3d29b5d4ba5,Funder
0x18045987e5022a6c7e8f006599dc3412388b481ee4c96b20a9b27b0c08a09fa2,0xcb4C8bB281690c106ddA7e93F793b7FE76f0dd6D,ActivePool
0x3bb8fc5d21b9beebe8ea44d4ba657620a057748461f2257b42cb845b25f53b83,0xc958C17464dc081534A10ED9749817f14fde0A84,SHIBMANIA
0xde028cefa7feb1cf6e02000ca0a38d823d86fe73d50b90fa5f7f2705d14fab2b,0xF7E0738C62d28E979a455fb99B39573710faF3c5,HeyToken
0x7d4b3691c6a7659d0e00b746cbb1ed97342f5761beb8cb48abefcc4cf60dbca8,0x6aa957496df45632c975814ffaa6f22dc7e439a8,LetsFuckenGo
0x3ce17d66bb9ef1f530d5deb2baa9988e82cd7b4ca25681fa59e7032576bfd965,0x657bf1723d7e59553b7cb8ea1fca0cfc5ee01b9a,HOLSCAN
0x3795bf801ea9cdefe68257da3dfc5f5b43319d44ab5ce137898b6525a4626fba,0x6d3e52161c075e10cdc95b3b0fc9793a547167a2,Extraordinals
0xb8cbd606411433bdd1ec8b307917111cd74005855487a1e52481811bd1b47de8,0x2e78b5583f78333144f455fbda5182c214062709,ElonPenis
0x92419069082cfb0b88227952e06cb63c0573b8798be3f210e268499695f02d9d,0x9c800fE8A9130d6d29703D0133EBB3c16F4E0e5a,Arbitrum_SendTokensAdapter
0x5355e0560d6f298da2c4d9cda227ed73edccbb1b3e2144a1a8248c0197268c3d,0x7fd10babca34764915b4035193cb107c001b25bb,ArtificialIntelligenceResearch
0x551f00a27c2727cbbb73c0745d6d9a5763332428c1c6f69ba032460022f893b5,0x17a2b3184E5cabB260476685bbfB53b13EE6f393,Arbitrum_SendTokensAdapter
0x1a81c9c569f6294fd6d20581b34b502915c243132c4974b503d043752ae5e0c5,0x312743a9223a4892b4a486ffc795e854658ca3da,PayFinney
0x25f6f71071c3e825cce09bfe3a68af1e3b7ab562021b6c190957ddf72eefcb91,0x95bE5dd0DB4c24E6826352B80516aEa9284f77B3,Shibe
0x464c037bb904cfa5d73d06cb5db8d2523dda9882a28ba09063d5e63b3edacaf2,0x3f47cd5b5c2bc518826492dd4d2616d937780750,FBI
0x5bc462130bbe25a5200086b92204e119aca31bfb38bdfbe5e044fc56c25745c0,0xc96ec2128c9c583296c1d0a1fbeca237cb9c450a,ClippyERC
0xe99378cfac033c1d651df45615dd1ad40199e54fc61b806a53eed1e4e6e3c29f,0xb44b653f147569d88a684cbf6549e1968e8b2a1d,io2DAIToken
0x67245591c5300e21f8e095e1d5a5ee8ce8e818e5e47de0ebac32260c7639eab3,0x88002cc3fb3e4fbab5726dab7ded854b0ace82c1,Token
0xc608a2a5bfdfdaa81c518a787451813fbafb45815236a7a62a72832bf4f92fc5,0x98f9695e7471a11cad6307025963a4d810237067,CLEARAI
0xf8f0b09be6ef2d70cfeda897b09593cc987e5bf76a3fe979c84f5b5f5488f575,0x09d57454cbaea0989c47ea9181ece796ed66ea7a,WWWAI
0xad77629478abb2e1db59f8b1da72314e6258d27ea155c1e5400d71d0b0b3adc2,0xd9afaad09dc905d1c9f5564931a395f6c27fe8b6,LILPIG
0x434c8d7dc721edfc9b108f3e01d756e078f4c7e7136b33cdf05fe518a9dd510a,0x841a63d6b17927de583404bcdc5281b99a0b801d,Sellix
0xe5a5b3d7cff1b41987a5de0d4039755f54b0d64aee980f761d6819fe26600a01,0x9d643c51589c5d4c99cf144f0ef11b27130aac25,SellixMultiSend
0x751280bb94a08984ee8cc90a0f1ba68008a66c6da7c0daa932699b8b0c4efb33,0xf4c2119084bc5137c766db812cd1dc303b66172c,AINU
0x89a5a6c1ffeb957c07b29e0d08e59b841bc18980fccedea90ddbf6fab542168f,0xaad39925b0492de13d6d88adaeb3761dfe353ae9,BAKU
0x57462918acd9f0b3cfb118b048874e4d0c9776520dd01466d646c3a9db1f8811,0x8C559F5d471f8A9C89Fd657Ec77b0d269e377a38,LGTHA
0x2fa673035810f2e33af7cb0256e18998faad4dbf53ee1f73cedcbf6acfa0701e,0xa7bD231f32B3e33E43Eb15d495b9643314D40950,LMAO
0x443722e06a1755fcc5d00c4df14455870b4a10893039f328dd9f65c4d1d33c0b,0xd7ed56a1a95380aa4a4a003c6a3c1e47015f6083,CZOKU
0xbd760a7e9ce32fea01648162b28ead65409a33cdc24f565bb66c1fb4f555bb12,0xB80ccEb6Fa958b52203604D7624F4Abdb4F373F4,UniversalRegistrarControllerV3
0x270af5adcae69212f8aa7bdd2b0f306da77485756ba4cfa08885f1ae3bffa00a,0xE0F703DC6c9ACa698f7AAc97F2192a8DAAe44c41,BulkRegister
0x95a1f29f9919fdd693fe1282992224ed7f9432f0fe5f800114930adef9a19c22,0x54Dd0DF63394e0Cbf6eAfe0aaaaDdc09105B134B,LPPaymentTest
0x3aaa3a201a385bcd2eb1d3841cb0cd43b1bdc3ad698861c104fc7c0d63c9af20,0x87349a4744e8fbfa2e68987e444b2e9fecc405e2,LogicNetwork
0x6e3ec5b309bd7c5c047c8ae66e21b45f0c23b788857534e01508d39cdecdc6a4,0x8d525db8385e1e5f2e63fb38be1a7f6504c364eb,ERC721LendingPool02
0xbb27b47904dd7a98d81eeb64d314a94d4e8219d0e7248c946394ee57ccaa1f8b,0x6f03ec44617ee6ee795328219ed4a8774a217cf8,CortadoNetwork
0x2b19b4c52e7b926ae335362a86663604821b12a1d88792360f2204c7b3717214,0x635366823747c02a1fb0624b630ccb4dd6409a9e,Vault
0x0a1f11c6952a26cdc880bb3b26d86560f644058a1a660a60a2f12e9caf4793ea,0xa187C0fD687ecCcB4Ee6Ec02AF7edEcF11278085,NFTcontract
0x4c44b6c468da1f781e2988d33bcbcf828df12fe0761da6ff5c1e3bb28b5f4ac3,0x5e3cB8F2f91e94Ab00BdB3500BD0e6642D9C91cb,Factory
0xab1fff7a3941ead037f47d206372c45bc50a2fa88fa08057d2325d44036cb173,0x54c16fF2E8Ab95FdB411c9DAaD92e8f2f5D04e4c,HYPERSHIB
0x2835361fe307fcfe03732182269f2eedd9fb36c4b487692bb604e0d5614cb132,0x024ce12ffe432f660b82a270ff9f23da61bf9365,MEMEBTC
0x697abbdf63eba5140f2e94b9fe08c786ca26fc6e5c2d751eb9c37f28b84b32ba,0x07f172ddb078f82a18fcb722949a2979438f0f02,PIZZABTC
0xa67796b8f165a839adc1c3c1c1245ad30f262808e0b98da1a91d1c1cfbe8a6f2,0xADfd657f4687607Fa25bCAe0b45497c73f4E401F,FeeTreasury
0x08f3406eda2e2a2c346268e45bac74daf6c95dc3ed5d6f91d30dba0bc2b71330,0x7e249c4b57e3acb34b61f6c1df23d6b7d67b6b42,ingenox
0xfdad5a5df96b512e63e75e62f80e6374943f7336ea43fe801becb98d60e3b01f,0xec289674d482efabb5d3c5578ddc72c66530e601,WorthReading
0xa63b7f63c556b01319d6dce89d18bec422df4b6db733951d1e64f80e477ebc5d,0x2458081113E64cDEB16751328fa8BC93D6F60182,PrettysLuckyLoot
0x2bd37e7dc08c108dc4753c75588c2383a01835a03be8a5feee73d2dc490cec30,0x1092a57c3b4d029555020215455097dec6ba7fe5,Gunthervi
0x742886850b8362e762d8bdf77f2078d993c172f65b63e97f460e11fed7d0476a,0xC163A42088c7c65a23B059537519F6a02bD18075,AQ1
0x641a866006aefdd11bb5a11996e595963c4d17156033e0cf6c7428da32c8dd43,0xd5FdACb33aE31BF1074c0d31df84838ef81922A1,FlokETH
0x93c0f67c3ba843c6c72dbccc29773c9580ef2617379f7ef1bab6a896eda88280,0x074289E41A75c3540e97464c1F837c8593BF32f9,FinderInu
0xe7186b69bd52f0f96adfbb94b157732609fbcf1dafe0952925429f758e0e4351,0xd135160bac21ab4c4cf9e458c7e20d10d6aa539d,ChinaShiba
0x96ccff81939b2acb923bc2c313c9a7bedde2b7fe566a0fa3d757b683fb580e6a,0x9ba3f794234f3abe51c424461561ce43255f88c6,LAVADAOAI
0xc49ed108882de2c6a8c4abde832d45f726cd1ced8bedeafd320bd777a64afc4d,0xe822bE4D8AF58250232e33C3A4D59aF074D5a6cf,StandardERC20
0x93ae7167716b04a1f896612e8a94aa6e7ffe6fdf5f9b6309933dd85f39b19925,0x6d802b3a173e67a2162c1184e080d5f960cb7dd6,FloETH
0x09dc339838bc72933801e8285f982634f6d2ba11ceb46ffa31a6ed91e6a08b1c,0x7B3C680c3E94C82233ea7E93CF6ae5165B00818d,VoltETH
0xdfb8b95c2887b886b379065cda43a389d385c966aae6e927f3d747dec2cb283b,0xAFaB9768d59242bC34bfc868214d3Fd03A9Ca382,ESPT
0xb2cd10fcf48c4500988d3118dd1b6f8d1a3bfe5a7c93bc02269b9050ea35d3f6,0x70cd1ee946fc8a7c3fc1cded1bac4d83802b949d,MultiSendContract
0x3c3b070e6bf20d223a0993a25cb646cacd79fa745465b8227543950aaa6ee563,0x3501883a646f1F8417BcB62162372550954D618f,CashManager
0x0dfa40ea8d63da5f0324efcf748b082698ae9d73eb4dbbaaf2192f659c326dc8,0x396fdd293a5c3a692a5e8f2fde6c62667518d052,WorldOfDypians
0x5e5d2ad9d12437680854a94041127b181737bf5848212c4c3d1658e3ee6efadc,0x584709e199269acf942a63c3d1e7983f7641c3c8,floBTC
0x5df7a1090b5e94043e5b2d6d745171679ccd1190fb0f1f23bd10aa4906490c95,0x765e1fcc5ccc5428dd012ab719b22c06c1251b11,BFF
0xfa7b395c65171528e6be78346111716ccbc767434a166289d80d0df1e73d46b7,0x12a47a5fba9341550f551f45d2743dbccf5703b2,ProofOfAlpha
0x311be82915e633e2500eebeeda92a994a56e86eb9b690ebdf1252a195611dbeb,0x77b0A81AeB61d08C0b23c739969d22c5C9950336,JBSingleTokenPaymentTerminalStore3_1
0xe467487107cade88fa98e478ea8a7f4f7d46f9064945a6114f7b4d9b9cf5b364,0xA4425A1E5b7B28Cb689719B1428e3088C1F89E30,JBFundAccessConstraintsStore
0x8e9126ae584c106f130cf4c75dd3a937531202026e74d1a14c806aed510c7b45,0xFA391De95Fcbcd3157268B91d8c7af083E607A5C,JBETHPaymentTerminal3_1
0x9e21b8416df12a51eed41c16cc0b76cc6b03c00d3cd3451757df1b8ed329c826,0x97a5b9D9F0F7cD676B69f584F29048D0Ef4BB59b,JBController3_1
0x2078aca96565f957391172c8bbb09d5314993734339ef30c48f33f310a72db75,0x5E8fD0f3273407643a5C55d343f1Afa5d7618ae0,RockXStaking
0xf9554d5d8f1cab3a0cfbf315bb0f41e8e8e291e31bb05c46b6812915a1c04dd2,0x8f486f5e4fdde41cccbbba124b65dd608dfb04f3,Okami
0x26938d7721d51d96ac73c7d3a75c3f3040201d95f84b889f6027c30aeee7d3ba,0xd0d286fa3d9d8eb675541423842c9b3970aec765,InstaENSResolver
0x384e6c1b73cb0fb3fb71842a25f680ab7622598847b4ec0a167cfda617d2a9ea,0x183DbdF0A461E62D1E9ed000FBeD703C87DCD608,StandardERC20
0xedd44700dac339ec7d00bcb5668337b51c91e7c2623c83ccaf83c501b4bdc4c4,0x8e2c31264b799b513f3684101ed21feef0b20658,BlurHaterzClub
0xc487f796ea85a44138370be0d54f52eec99d3c49d4c60f3a4b831294223b557d,0x89784d7912d21a4c567ade298a81d4361d7a2d60,ORDINALVITALIK
0xcc5c05eb71a8b2d61980ac73b3f3f80aa83bdfac8b039b69693c7ab7e741d3af,0xd148842A7442ECb41AE2d3b5304F10C330c2b958,Buffer
0xf5ddadaa8850be20764088c5265b59b179703660c648694cbafcec20f0e01b76,0x6c1a6ca7405c159a51cf22d342ec20fdff994d8e,AngryShiba
0x42658cbb2f4452015c4cce8c32b7f1c58d02d6bb107f1ea111bfc12af4bf8de1,0x9c1643d736cca918ca25c0f7cde55ba8b09d1f63,DrillDoge
0x2896cd54e315527b7764803eb519d4a8d60673e82c20b827ac15044c4d6c306e,0x961b8db4ec49ddeb9e35811e8faf7c5e54c2b2da,ERC20
0x7ed7ed949109c72fad40728afebf89b24c5724d451cf1f795e250ccf9e7b22c2,0xA6058524045550Aa325e6ac8A7b6b41d8Ccd353C,LilyAI
0x1aa610bd51873ea9498867230d118c99f71913b821e4b0bae58fe4a5f9f46d7b,0x1d3880e8cb0024c29aec935355b4fe7c8a236adc,MILK
0x6b5325ceff28907179944d096a66d171ddf99489ecff8b9303e7452319fc0f8b,0xb486211B90d9E5f1Bc192986C129AeA81809f610,Salford
0x8b419315e42e622c673dbeea8fc9af362bdd4617d68cf0fa90b9d9f1fa9fa457,0xaDd307fEa7e45322038583b1C312c0E293A393EC,BorrowerOperations
0xd3a0376d4eb3c19a095815e602a8597949a5e46c661bc9935ac4c97ab57b65f5,0x5dc1eedd5c5fae3b2866b90ffe78dbf1350fabe1,TokenVesting
0xf4e7f6f32d3e38f70d80b8dcfbc7a6b04edf196293cd321f4023b4235563c183,0xD7f63359A5C845e009974E58A8fCF2B2A8D75FF0,SHIBOGEAI
0xd55aca25ce64584265c892379b71fc0937f1706fca0b144b9a5a3f0fc8b7dbcd,0xc4d7599ce4c82a27c006c3d623fe0b6063a2a534,EcoBonus
0x77247ebb135f137fa2d675f3318da223b8a0e4ebb832838a5dabc597dd2fd0e7,0x27b441ca5150b51dc6550f20c887516022a84f6f,Faunainu
0xcc5c05eb71a8b2d61980ac73b3f3f80aa83bdfac8b039b69693c7ab7e741d3af,0xa6cf5fc2f0fecb0ec9808c5b143ad1c86c187d5a,Factory
0x70b80395c71e655590fbcf1691cb72dbd3b0583f431db0d915dffa030fbb3d58,0xd40c6f8392b071C5C354CF9293078a3Bb5d8cA41,TGSEARCHAI
0xf3b810419472e3ece54bde94561d3140209768a5a89bf1e31b083753a218e520,0x99C5eDa88fE62805D13310c766a9fF9696960442,TimelockController
0x55fef2acfcb00b2e0470bcb1a21537d1038760b37c6597c05f43a651d2ba7d85,0x4cFDDc60c932a2eA811Ac63Fb41efcE95B3a34e9,MetronomeGovernor
0xb202102d25ff173d0995eab0cd66cf4434c00810cdd52a48b5fa5d4aa810e776,0x77F98FF612454192a1C7CBbD179307e5DDcA0766,Top30PioneersToken
0x650946ed8f7638b875c7fc529108ab8acc39f78031214aa33d49b560ef2529d4,0x0f1e49d6dcfc9eefcce9d5ae3c660f8ead75061a,Vinlink
0xcd6c05edb9691ceeecdaf3ce026f7bc445c4cc83098480337bb6b4deca9276bc,0x08b0aa005e3defbf3d71f9e7f5875dee68ac8e35,PATIENCE
0x51edb10d3b5cd70b41c003e168601feb07ed5a4c35ff8905d46bc7568e91b1ea,0xd2942266c5bef7c0f43fc77d6614e398048dae76,Tyranz
0x640cab66752ba31e573d9d94ec7620952332d84469b38e708d8922ae2904ea22,0xe72f01d3a61574f719247dfc8f6a834d8f266c99,WellExplorer
0x87eb8ec6d949d5c806e1e6afc45a45d0e561e4d247e10a6b4abee293f045816c,0x1b392EE0fF4Ad56b018104Cf92ca338eF11D1Ce1,HONGKONGETHEREUM
0x3f307b7e7ca734989c102c5936a71527335b34f91ffb617eec4704ddb5d86c92,0x43bCD2F63C1BEa571d96a127724D5BE53E14C6be,Rewards
0xb9debd6a457766da59a86e9a31fa219c24b0c9a72c4cf813c0b70fb1b84d744c,0x3B889c2176dca3d5bA940487657998EF34D097b9,RewardsUpgrader
0x54d29eb3cd4cc276e715eaf1f6b6204d62606987a05bb77ab19e3bc878a6e972,0xA9515623514532b526674b49fC3899024FC71695,ESMET
0xe83907e7cdf6768a3acadce750ebc392f051f0a2a4c446aac4a7e750c8fe5dc5,0xD23b6f36c959e272270ba8179F8bEa18474bfF2b,ESMETUpgrader
0x89c3ac293bf0e7cb63541a13c27d21a429d9aa5d4f94ef285d041119dc8574b5,0xCC15E7b7071a73Ae97C86Ce0F54F6Ba3Fb2d437A,ESMET721
0x6159f79040685230089ca23983d9edf414f7d78ad3854d5fc18b934d1e1de24e,0xB699B72AefbeE7Fe6e77E290E60be6f7668C4AEB,ESMET721Upgrader
0x8529e3b16412d47f82c66d6432ad75e156420ddc22c5a4b8288f9e35d3a2aa98,0x5fabcce5b364d28debf99cc8c74529be3986f46e,Miyainu
0xaaf45df00522504dcef267b11da574125f7747e8f794cd31a2891a02036e1ccd,0x34543764c5c15327cd5165d7b1667d7a8f087f5d,BLUE
0xb7034250db83870e565df8fed5d2c96043ddc26de4348f9ccfbd1ef9fa9a7ca0,0x4115449a50e30a95826a8f45c6dada7c51ee0252,ERC20
0xbbad90fb3f911a6e2b91e3cec7ebe5807223e66354691a2ffdb2b98784fae24b,0x37a5ec09792fcc808c7c1885db591156b40034b0,Signature
0x09ad1e028c902b1769c899a19ef1e3224ed2f932c2f990aca367e9a4ad470a26,0x77d25fa695174f11cdc131efb9ec3410cccb41bf,NAI
0x194ab3b211ba6c408bcd40575ac60a6aaadfb3e34cf596c5431306c5970395ce,0x823d0c34c060cc1512bef069426313f3f58108f8,KABOSU
0xb222464d932a385e4678650a6a1364e0aa80f18a4babba54805d596c8a1f4ea2,0xff4027783bb88e35c3ffc7066dab847b65cf5c3b,KAMAIRUKA
0x8a7e6e7630aba02b46a44ece6c0ca495d169aee9cbfae4fccf43d79a3c7b11da,0x25907319dc04a6984fc76ffa249d9ac72a53253e,ArataInu
0xaff675180f42be8356fa603a1d059bbbf0b962b4323351a2ad66cd0193f060ea,0xE61110663334794abA03c349c621A075DC590a42,OgvStaking
0x578a1a7447eeea5f759a3ba1b5f9f718d9229007818e2020d0b90e9a0dfc41ae,0x8853a752831Aae14B8ebD11cB9058F582674D761,ShinuIbaERC
0x6e9aecfbb0c6cbe225789bf740a279abe469b7b473a777e308566207e0aa11ee,0x8b393c60ffd657b7feb11c23f7e91e98c3f2e94a,CzBULL
0x63821d51242d2a08be425169911bab15c2ad35594bba893bfb527c8886d8ed62,0x8472f9dd3bc976da80743452774ac09e5f0aed3f,TechGPT
0x31bd52680cd54deb703578dc4377d3de2cc57941a1263e22b9efebc19d6ce136,0x0559322974a660d89d3de944b338f50d3f287c5e,BullCZ
0xc3e25de8ea076b1eab996b209f07f424de25253a9453060b3a6548a0355d7645,0x90bE1E329eC3C8C7667dD6F29a92AB5E8D213B9e,AradenaCollection
0x7f4d7fc98082130c07e1f77fbe07f071f9163922b7e14c8a9107183df9987dc0,0x3bf5B46b0767b0f0A1ca2D5fFE5916975994DA54,Crydeal
0x86426db979d68aade884363ff1adbc27dae6d26a40f0c798dc72f4ecce75e15e,0xe84a2018855feb6f16623a7216482a600048ea81,Shangrilla
0x8ccd8045e8cbf3d6a6bc7c16f6722426f54df30d0246718fc4511578c35e60f5,0x2C2B2455F9783E21e6245E62910040478B361144,IndoorFactory
0x425fa876ecd853d9536fde9b6618a265b698d02606ef065a3405e454e71def9b,0xD8Ca261e270303e69e455A63d9bBaa8255f8B772,BuildingFactory
0x59132d47e2f7e7f590ac29e0628fdfbe9b231e74b2d6bf29651281e624c6fa58,0xf654bd65337FBb731B05174f5032fEBC32E2a08E,BalancerAcl
0xd96726102961e8837d65f7dace61bd66051fa9a2ec5ce6e138ed47c59ff40eb4,0x1432da49866ba0d40bbf79b57318bcbdff8ee084,COON
0xa1941cf7453884e3513c039ce6fd0f05825bc20c017cda76741991ee0c7f0801,0xf46fc3a8f0e675d82da716faa0bee89700184138,OpenWallet
0xb3ea5d4d622685d6cf0b3c0e750d7fe9dfb81e513328d7f5304827281e50694a,0xa5b993b63c827b8f0bb16194071df35d89a802e9,deshi
0xa47a0f089ec483f5289daa0df00edd7d3703386e23dd6810f1ed06f24e67d1fb,0x4f7A67464B5976d7547c860109e4432d50AfB38e,NativeOFT
0x39b257e71d73a52c06da42694d183c3313aab318a4a998772b9fccc5d311c148,0xdD69DB25F6D620A7baD3023c5d32761D353D3De9,OFT
0xc8e341d1335d7faa22cf5b0ca96ab5ef38e26e2e94ca2e5b935c625951fe744e,0x0A9f824C05A74F577A536A8A0c673183a872Dff4,SwappableBridge
0x05d9ac5ac76e2450dbc294f7e2605aec6013ef7a11e41b97b194e2646f6e5abd,0x6275fd4d4544710a3e2c591016d947f293f28be0,YuBu
0xf445bed4a0cd84d11f56d9f10da3d793e6683be254a241bed082de171fa363b9,0x58f9c54ca9543dd14991b17d98a3f1c6d839d8a6,SHIBANK
0x0d0dcb8a060d17481d738279c0b582239ee70b7183fd475364707df978aa0807,0xfec1408fa5ef2a57c4f46edb3c105ff3804ac5d6,AlliToken
0xcb613da2b5d5fbc328d987443a6f31354da751266e00ef1094cf2c63450c7574,0x05c76523edc8cb6b10775cc7a9833af959a0ab7e,WorksToken
0x28e297115106d9269ed677ca7063c40c852b41be3df3034769aada60c2e695e3,0x60da4d73976b57cb993679d088a14927ffc6f6ae,EigenLayer
0x880e54aabd5e4d70b627f407c5e9b216a841cac60d4491b3bf39326c88cca40b,0x0d3b4af7f0f89c67163e5a301ba1b37a16c968f1,UniversalResolver
0xe0e68cabbc458ab68df676c7f6ddc5a4900088c5ec4d2fd5fa8de364bc904445,0xb9245854d77d9bd861a8f067ee8f75ffdd521a0c,GOATINU
0x62bafb4f4ab26c6368e03dcc2b8aaeaeaef442fcdcad2167ec18495e73798598,0xd48b846f57c975785fed26592c22fe211062141c,YetiYetiYeti
0x72d316edb4ecb26173898dd6104626a01fb360c12fc7bb93e34413f1a1f1f63e,0x45d6a2942d3009f33cbc480d85b32d6d9bcaca86,MocoInu
0x674cfd04e80be3bf51c7d9994a22ed278b549cd38fe6de43c313b344b3f1e0da,0x31662a1d73de30bd08c1a7d10f716c54bfc9e429,SpaceRidersInventory
0x78f61d86e717645983b8538c00e5b90979041f5b777f502ca3080df6b46feae4,0x0bA2b33d3ae9ea9593BcFA047e28Eb515f2c0B8e,BONEDAO
0xd71cb119d810fd6ed4ace9b7aa4af82d6744017455b85a2da54b021da6b04711,0x1d9b567ad542c28255435eef2803484bfaaa4774,MerkleClaimer
0xb9a0345dcb04e87401294e5a82eb9242e3337d859ea77679d80e8843c158a304,0xca9b9b346f5ff5ae1a23dab96b463e46efa2ada3,FortunaAI
0xd58408a9d7fe05f25e799337e900e5266c6310a5a90166a97edf27701663d628,0x4623900e6d0495cca743665dce8fd815b0433e5b,SpaceRidersGalacticForge
0xd019fb9d8dd1668eedc193cddd8bc12cfeec5c34c47956deb8feb5fecbe7499c,0x0000000004d3d3966a8b3f6f4a27f89b9fcc7974,SeaportRouter
0xef726572e2b0e24291b9b2dcfdcdd14653bb009f200c448be1b1a65c7ab5f1e4,0x7b190d24e9431bcb8b2c3c36f71c0a79b1ef41dd,GM
0x66b1e4410ff94794046f56dbb41ae4953452b5c83076164a454925d8dd91ac47,0x0a4b4b8124596329e15740302d82c7d14ea90f38,KyosukeGenesis
0x9ce75edbd0c1b67d084a87de43910034a5aacab7d8593fe5ffa0a3103e33a9be,0x0e24a1c0ae47914d8c117aec117d361423fc6f61,OrdinalInu
0x1b698025dd286e14a82d7b5f6e2d93b1dd9eeeb9a438caeea12f6b7ca3eba877,0x5633681d5bb73e20de0d5f7e97615393a3386da0,Seraphim
0xef4898922d66d86ec620e9c0c591e2209ad36c9cc623388a882f7a538de85ac5,0xa250f595d28a9f3fe856c866c82c276462cf1462,DraonPad
0x010ce62eea51c2559a271eabd2b79e8f4921e07e84a93148409d4c5ce9eb2767,0xc2768416722d85853f24f5ad26ff603672cb99af,AnubisInu
0xec0c6f00ccf7be0382bc08e05965f1d71a7837e019ac5c1a2b3a28193167f8e5,0x148ec7d51f8105a9f63e707ca48f05928e49776e,Accipiter
0x756f1cdbae475ba66836ef2e7e2113b0906045f78de79ca49dfb041b5058f565,0x35dd43f4ab5587f1d17433520c32f0d787bb97c9,StandardERC20
0x6237b3b85ff1bfbc37cca6370cbd33ad03a4c4babcc4f9c18861b62525f8f6d4,0xF631c5a1AB709F72Ae5266bb9Fa7c09c03790D83,StandardERC20
0x7b43b0e7c59e490585242c00d4858e8afa25ec3052a5cfe549f028b4c180da38,0x9f1e7d6dd4663d99b103f8d8f48a81b0d441906f,RRRUUUNNN
0xf0adf0dcd1353ce94e7ef5ec359079362b37e901dbba9dbadc1537c7de1b45dc,0xef2362ee154fee1c3765e3abd51e3f9ef2a69763,LendAI
0xd21db1f5f8d6bc22bd15c60319711bae08703ecedb8b306ae1a724a9b344b394,0xf9450be43e8729b3c2b128a94e906611b1514221,snout
0x3da51f6c3b6a7f5089562ca1be244a781d1346946daa3ad57c653cef05bec51e,0xed0d056debe12f595cd5c790c293a598e9672231,snout
0xbdd0933fece49db2757b9d6a740f3dd0577dd2ced635ff7396af23b1096f5357,0x81ecBa81EE58548643f2573BE5F498D23C8762F4,RememberMe
0xd06c94a7d6836a2121273fe89489bb1c4c839a30c0294ae99459891d2f97e278,0xfbf984e4ee7452c369d49c8a466eb9d4d7b80101,Banana
0x8f4d683757a962e7757438268e13243128cd9d001618a7dd43018ee470c13caa,0x573209c6409Ac63330C374469FCb41Ce9585b2DC,BlackDragon
0x48f0e82c1863af652807c4a382a794e2cbeb41c73de2c2f45ae1f0bcf9ca2985,0x93ab14d1d36e87086de8b2e2f0bdf5ef4c69eddd,TamikoInu
0x814af2bf713764fd1d1b89e537a6a807981a79ff7e7a3ba9f5b5ff6c03f6728a,0xd527ce0257097c55461494c734c9a7449e4cc613,MCDOGE
0x04a19b2993cffe3c438eb4f38ec798a3bf4ce1fc0f05a1fa21fcb220f628f894,0x761C5130b7292c2d3bf70525f77F6c79559c4cb1,Buffer
0x0d36cb06db567eea0dd5d520334df67ffa0f6c83ecb5426806037ed35b0e30f4,0x70040079E16466d5Ff4bfCd03B14E80f47FaB2c5,Factory
0x4a88a03648a88888c28ccd858ee844ae10cd38e7a3f22b7fe835cc5af040a365,0xc6724a418a81bc12f4af67955695f428748dfddb,Animals
0x524b2e550a0f1c8106692590aab7e422c437638ff46ba4fedb52cd11790b2d22,0x6b10c918b54c3fb42e0202769a2697383ebbf1dc,DBRANDS
0x9a8b07f1824f09aba05cb042f41746bb3079d55f279e71142e104d95e9de9585,0x5afd871784496b920684a35af87d81f7a62b8bec,Wolpertinger
0x84b043af9941a0459374793c2fb7a283af344a46a48d05641e3de25c205973f5,0x013ab6ea6d9d9735ff7e38b589b0a20a6bb55a2b,TsukaNames
0xa8d147dc0bc25cd3b47cbf71db34e79abe9ad33cfed16b9626c6535ae47f4b99,0xe49cd7bd8855b4725b90f65b41df6c59b774781d,TheMagicofDigitalEvolution
0xebfba784bffdf5e16bfb75d5f0a711ac3666121c9e28db7ec1a88ddbf5619743,0xe459159738962acd1d439cb7e66606cbc044741a,POF
0xb71de340c55a19e483ac2e7e4d90a6d45a5378cb6f4afd3b30aa600914de7e9d,0x58693303a8db9b3cbfb56ddf3e8b928904dcac67,TheTherapy
0xa343362a207c98e6ac46ec9cb2b4389406ecf444f0313db5219dd0e14b5354db,0x1d875fB254E43061B1741cf8F994435edaAe24bc,SQUARMY
0x6cac7f65e30fcf0db8c4e5e97daf28b3ba72463d3e5cc28c6e2f53236210aa2d,0xadE95629b90E25F167Ff2392bAfa7C9520059B0F,RagnarInu
0xc52da4bc6696efcb227a846aaebf3fd11ee78a6cb19ec4586641fb7edc457692,0xffa153cd0fbc4489a0d58f9023effbf81a5bb552,Chickens
0x32f5af5598dbbc9aef481457e827bf4004ce31c9d7fd1005bf988fad693302c6,0xf945b9334c5d99f48bf06dad448842dbf6e44990,AmbientMusic
0x432b0816bd6f68bae3203f6e2ace4c2ef697a9e7d4d3d1c4e83aac6c80e11c77,0xd176d605e5e742d1365d95019952ea86244ec0bf,LetMeDoItForYou
0xf9fcaf621bf228266951aed0ecae7dc19277d94020628cd02e1f2b0fb4d00d86,0xb34c210dbaa82c1e38abf10d7890bae24a554ad5,LetMeDoItForYouMetadata
0x191ad59fa7287718e406e4489f15039cc027e99450428a3bce29336b3ac25a9f,0xe9673D295B8FB6BfA92Ee5Bc8708104671910c4A,Shibaginarium
0x7f270940495531ef51a97d3f1893b8c2b2d52cc24a9a2a6da147b029e8c3f11b,0xA0e9fc33d5C1fe11e88a2f59f81a8745C16E9d99,DARBI
0x835a0f9b933624efb3a69bd44281f036be856affd3f23f7d4a678d2c57e68a21,0xf92c421115b1f11203abcfce78eed1aadad3e0a5,RAGNAR
0x0d0f03e57da8b1cb1cb9bc88827e505616fe7e042efec346bfda5a733d0f8cb8,0x3115c07265c6fa99a889cae0d04829bca20eb08e,AiHub
0x65b882f625e4f0a5638159c84ae1033b5998283b50aa864f129c8db1314b5507,0xdf49de025f0c9cd4fda076fcc58fe2632289cd84,ChinaCoinProject
0x0087d516b095ec6e503e2a25bf3b446dec0de50ba6ebe1a228a7f0f70bb6c450,0x60ba55fbec1e3ec5e9cc79eaea70ddd53f772888,ProofOfAlgorithm
0x2c65a023af9e8f34606d2c06aa9b55ee158ab04f558e3a2ba8c79b957ad0ff73,0x6607d6c103e798f559545c4e76f7eafe56a517ce,YokaiKitsune
0x0420eabaa9f5803b34f9a52817bf38c020610ef1eeebc9aeaad32505e6c880c4,0x2cc49366e6cf4d231da75b7ce2d5d1475c13ae25,XXGEN
0x3ddb543c72ee81611e8cc1b5d5471cfe844d4d012e2274a4079f79237588739f,0x1D4D7226245a821442e73Ca192F180beDcE8e010,EtherGOAT
0x91235c9043641bfd8ae77c9a77ae11f609eb9861d32ad631ea05aa9117a80860,0xa3c409319b47af21a7201783229439788fdf1dae,aihub
0x938f3c1f1013d559c553400bbb517f57d0acbe8d28fe8e5e50ae7a0d8d0afd11,0xbc00d4db6478dd2f44e9232ea8015ce7c5103a2a,BITCH
0x3daafa5af75e8c7fc7d5c9fd61e65062740dfbd72ee35363345b82b2123d583f,0xd1a53396abbe530937cc0f86460ef2dbcddfdb6d,ERC20Token
0xbca8f2760c6500d7864dc2aecdd4dc1ee5b68dee294b6d0d737dc7ebd405e133,0x3680FDD6CeE72806794acAdbaFF0bd81EcCfE886,ShibHub
0x4753d34f68a630785bad2ee2196817cdc60d516bb8d3d86b7f53ece85e22ad89,0x6c063cbb82289990c1c8de664a4d6060d86b8cc3,Optimusk
0xb999e011e891fb4db0c556ae21ea309cddaa013d4c0ac11f27334061fb1c92f5,0x20d24A70868A9fb4d35a0bA67643698A646B02a7,SpaceXAI
0x9776ce3619026a5d640d2e904e75116d54a9714ea78ddce213fcd7653f5e7103,0x1a715de50c34045b845e2c0e033e891c00cedb8f,Runverse
0xf3f35cf4437faad657cfceaf2355bacfcc777edc23a8f62d7b0e0c040ebbbc30,0x88A0a3a2f784Fe992dcc0111d561dC3D14fc7b41,DERP
0x500254f02e5ad426883aa9c09f2fb912a8f84e14e2555e5dd5c84d68d9c19fa6,0x97ff16d0488ba376633d22f816a473cb1b4a8c72,McDoge
0xf6aa7c4f7d9089eafb2f4506689651dc680243021389dbce47da15fccbc613b9,0x153B9eA2fD0D1c076faf5F0908A478bfd7A50202,LockerToken
0xb84d6c40c5112cc6284e625a66c5ff054142510d7938af322428dc4af57ec9ba,0x646b751e1b1a7b03aca3085c7be1772fd585b744,GetTokenInfo
0x96469d802c4986d5979723d28f99741e8d9ef435f9b62c8bafce05a67d037d00,0x7a3ab632BC8bBA7d756799A93305f92B0972D1fe,ShibHub
0x90b22734b75e01123d0637a37fb61610916fa2b3fc9c489d652f6cc1e640e3b0,0xF539C8937B0b14af8BaA6d27797eE4119850e20D,DUMBAI
0xe8c5aa2aadfd9cc5fba043adda61e97ff394b51a11c1c93326ce243c9b8f402d,0xe82093300eBA877709203bd89c42829402b3f47F,SaveToken
0x127d4165f3d0576d0fbf390456d6c2e247546a014957035881cb762c11f72be8,0x26c063b93541f415efeb7f33f1202b69055b6ad7,NewWorldOrder
0x0cb1b7ba41abacfdb5b5f7fdaf194ee9f847290c28c0be085ab2ef63c371f8a1,0xBC313759Cdf82c7f8B7695035E06816A5f730b7a,BauhiniaCoin
0x6662c67899389f777e56a640a7bfc28b4ae8df8f757162e509b7c9f6dc3c93b5,0x06d8012c1995385c736de5691959dbfa94f053bc,McDoge
0x9805fd204219887903cba9f09b51ee0f385cda0d6eacc4b8fb4bdfdaadec64cf,0x72a31086464d2ec607bc5034401c759c47da4472,soundlab
0x046bced2a6f3a3456e24bfb1355a30e014130cc604a115d2aea2b55b690cc5f9,0x395beea1c05e585ba3872232d8bb56fdcd1bf133,RUBIX
0xc73f525dfafa747d5bb9434bf42d3bc7bee5c94d898cfa599077430611c938fd,0xc7fbeb033c654af01d5521286418100b873e98a5,DROOPY
0xbeedf9a5b1a99de38eae1898e6120db31a9e1f03c3bfdd4727976bd4528fb56c,0x2d89783a064b60855bd6e95603e3814471e012ab,TheLunchBox
0xaf59204ac865697bcc5a5be7cbfbe57091f91d74c4e05166902684b065535ce0,0x644192291cc835A93d6330b24EA5f5FEdD0eEF9e,OptimizedTransparentUpgradeableProxy
0x35e99bce5740b321f96014563e3658f66bd490b5c36bf52fd7e7e2032eecdb92,0x785d0B89499EbAE634E1791987c267B011B154aE,Vyper_contract
0xdb05a755aed8779a4b1c650d1710e1bab6eff09302efd85cbd996627255a182f,0x13979E6f7aF9bEC3F25aF889DD33C95F5Ff2B70B,NEO
0x7bb24c247f67b76ddd17a1952b453de52be84f0f98ccb3082254c1d225d9450a,0x0499333b3ff176d77081e6fc0286e41488b9e458,Cryptorat
0x9fb32710eaf90a234168c997d9839df6df87e9abce2d3d9266311c4fa4a79f19,0x4d698dFBEc2EaD66aE7C735580dAFC07d16723f8,XtringNetwork
0xbb8c9e37b66e9170948ffb0a3edd5a9480f1e7175f44e791f2008e6dfda2f2ec,0x1af5bcf49647B0162b9fB09420432408D0975aE7,Rewards
0x9623cc325377352e11bda90e02558898bbf5d65005d2f3265df55eaad30b4683,0x69768b87E08BE492b457B696B6266DC229f61fEF,RewardsUpgrader
0x7a68f35391b2047d57db386607a76bed75b8ad7c3da576a9af9fda2cf2084999,0xfA2aCe6e748C6d7671E2566627600E74f9aB9De6,ESMET
0xf35c8d831b2c1cea31ad9a38b4ae79c7d36aa7870522668c835aaa389d7022e2,0xE69EF8F8044DA88E59a5aD98d80C087755b1fA58,ESMETUpgrader
0xc7f89a0acdaf623516cbc010ee244c71eb9458e215dcbf83fc5d98c2e4040d7e,0x7015C1F97538b3b59Cb8d3B4388e86959d0dA090,ESMET721
0x6c8da0f54f2a4e81973109e5ea41d857d167785aa8924c757333dd7c8dfbae61,0x95fFDF1E686C067F288998D938675b1F54047A7D,ESMET721Upgrader
0xb670d04189c8277722ed2ef2fbaae5b95983f781afe1fa0013b2c0245aa63ca3,0x2fdde74cefa471a41d809a861032e0ed54a4e398,NewFace
0x84c85fef3b3d5cf2f328ba391c806d3646a892eefc219dcadad093f11cf56489,0x60ee0a037e7205e207650561bf58acb0875d67ef,QB
0xe83b09c1442d31f9492677c2d0e6e7dcd34942fb67c3df7b0cfb9c2d397f497b,0xcf687a92c0709d849b3dfcc9f814c71d5fab6d95,AIconnect
0xe3fd336fc29e53626e7b94097fa4dd223ef455e353eba5e376581238a567ab83,0xee96eba5e6f8e850468fbe9eaf0cf4512f3da87e,Bearswap
0x4033089a537712b61f9009dee28581b54b78f9fb5560500c9f4149c01e9a43f5,0xfaa638b04a7daebf67941a751459aa6447f55df8,Wizzkid_Billionaire_Club
0x1fef42150c2357cc5984ba48909a026255295ad5e5edd55231516a2ebf51503a,0x7341597b6ac6797c183a620d44f6cd43e29743e0,SatoshiFace
0x813002f120076e5dd9bb849819b38022011e8ca5b6dc37ad9095c339cf34c9b7,0x78c2173d4D8A81a01183413D796780003Cd88d12,AllianceBlockToken
0x01ed5156fd0dfce1426d9cd394d89ecb3e87c969c99a14a5e6518a06fed2972b,0x3335f138b77aa3c4e6f23dc69010872a4df98c96,TheAlphaDragon
0xec313427707f5cadcbc5162aafa21d297bacd92a36eb28a639da14b3edf6de53,0x9226fe023e3d2fa2dfcb97bd8ef9b72c4227a878,AINIMALSGPT
0xe69a2e35f9999e049b8bbfa47092112f7247607dc924a2a6207b75be701a7624,0x76bc677d444f1e9d57daf5187ee2b7dc852745ae,XFT
0x6f27ac547fb50abfb15c747b1b63da9530492b177add58b13c0ee3eccacd61c3,0xb098dc1539ccb177badd90450205cd6769e9a6ee,dumbdennis
0xe81b6ee603b6f9f2016b2e528ff7b28a9b30d0997bc1551dc05bca03156bb9ef,0x3c9a2f152039c0a7ebf6d5e7d161a9d9959ff232,ERC721BAstro
0xd85096f6bd2cf4a2e0eb67bc1375052f386c1c3ab4286ea565baba2442cf1101,0x5c5b1da92bf8e70fe105c95386c043e60b9954ae,NftStaking
0x1f1236677b0bf65d41da13169fbb234ce225a2594ab3203f7930bcd6f1e01d7d,0xed42c9a0c281ee08064e66ec4203f7b9985fca63,TryingSomething
0x652cf0608f8c945d22a3ca62969c6b71ae9487c75b982e13f01635ae210f058a,0xb3cbc3e5901b4a2f7517d89a6bfd478823f79b01,MetaFace
0x8024d9c36e896d2882a32669d01bfa5f1a37e81aef9459e8c23eef5e3638ca1a,0xe881B75B129083A0c0D621896D704A074be6C7E0,PresaleContract
0x6e9f7d57ff820e7298196b81dbeda26ba5148aac011c54e305bef829928c1dc8,0xc5437747312b0c8a8ab70a1163b75f990af831f8,BigDataAI
0x830fa5e2e829068292f13262cae1428e84a2bca6eaabb1e611c7c9cba7495414,0x1db3d6825a8d1a1abbb6d2293c469709b494106c,JAVIS
0x342c762a29964272cc68ceb1eb453615100473edfd15722f23edf3ad43381aec,0x300595119597b1DBbd7B4f75f5B299D17c6474De,CountyFairFleaMarket
0xb43f01a672d57209c73aca324dfdac1f1daa61ec33329e0d93baf502371df057,0x317dA6EFB6e361DA669CC99be5499f22Aa6E13AC,DankbotsFanArt
0x3db650fd5c946aa84a28c52ffecfe49cadaeea156e3155cc1e6b8a2e63922cc2,0xf119611ee1cf93154f03eb14910b1d2d7d1ce4b5,KRYPTO
0xf5ab1120419307ed30b6c55ac5230a2d5bfc377d5e87a9fa2f013534539cf820,0x556a8652915eAfDB67AcE6BBcD406C631Ca78d13,MoonGram
0x25faa34a852aa18a8f41a7853fb566428ae6d535060d23b4c920d52117bf036e,0x4705f516a48206dbe2185995c8e9b047f09d6c46,VestingWallet
0x06a2b52fe64dcf110cbd1dbcc39a573b247bf0f0ec6c4cd69617754f5ad9c842,0x14559De4436cA01DbC3736f5bBDA2D266982B3D3,StandardERC20
0x456bbf0a8a7946637657f191e17504168814801e33f2051bbf8241897668dd04,0xe2a5a9da386fe69a2d9ac836146515d6039910a1,FlokiFace
0x996e9dcde14f51e28bcc091bf3c6ff972e44bb964864e09d4d5f111854e7c29d,0xf5ddd996d8d64f44470980961626710b41b0f32f,KongFinance
0xc611743cc595dc4e088e661661ac48b6920b2d1adc345703543d2d8d49bb17ac,0x0d560d2B197071b2FE258bE2BecEfc456De48d5f,BOBBY
0x5000120f2853888b422dc7f263df25872b3ec12c820b180ac26c6e86bca9f4c2,0x1EE74C2B96137Ebd294ad51b770628e816BAA534,ClearingHouseV2
0xa7fdfbd15eaf42c23f5374daee4f4de7323ce9ecced9ed9f7e16b13d0e6ca977,0xF9cea445c2Ac1668f50CAa2c2924F93606a4a37d,BridgeAssist
0x0553f0328c954da68894997a09a26c6520fe0836b05fcd0289ec1580c28e177a,0x1AA3253efcCC4cc8261e77369539428001e905ed,ThinWallet
0xe573905611796f7575cc74f42a2bf1b044b1b0c5dc72be03185f64b21b80bfbb,0xFA4d03B62e3A7d193b112EB048b54b29718774f1,DonationsRouter
0x362dfc72d8b92ccb5ae6e6da642a038766d3f2ead56357e456db652fcc9ddd91,0xe52ab09fd1b0f4b3fccee9f52ee38c4dfc0fea9e,Cottars
0x3eb01b710f00ed8803dd187273f7fec7dae949d74e36345aad30c84d4b7ab15a,0x909c4749edb453be0af547fc39413fd17d0d1869,GhostAI
0xd13448df601994a47c9021125b44def3f6e7a96a9002fe7cbf0f7c38b1359a58,0x4b2a305a12cb760a81322aa8805cfc9bcfcc18bb,KingBTC
0xdb5beb2bd64bacc1981ecbd013f3ac5dee5047cb8e264e9290f6454e8303754e,0xF7bCABBCeE9d5bce1b713c854E2B24c678A44cf9,CoinManufactory
0x89e2489477b3de6954d99b56e45319106e64aa8f6c67fc9ce756993c634c3cbf,0xb192316Dbe47dC59B062A481B6Eb2352b70C5e93,CoinManufactory
0xd42926358a537a2a65040e48cdb4e330d90c8e0ff3391021cfaa648dc8f83a4f,0x73993891B089326946dcE57054c28886af9cEC34,HKI
0x0f5257490e08c40d71b67e1fc6a19ffc291a5abe17369224a2182828c1369d6f,0xbbbddf9c6914bec7950ae6663eca9055aacec816,DINOEGGAi
0xb912ba4097e4cfa61415d8041c409bd27c3333876911a6a984f9a0291dfd2dd4,0x1440731de93b6c7e078642f1ce3427a41f1b91b7,WOE
0xa69fbd0a8a0f120f349361f41cc974c324c1bc8f8e272bdcf11b573b9d5caeb3,0x78a83c17600add7447dbd6b8ab26330481075295,SwapQuoter
0x9e9cbb5825af7f2799c8f308e602f8f68647d398496d016707db03920647ef21,0x7e7a0e201fd38d3adaa9523da6c109a07118c96a,SynapseRouter
0x51c4f775f0a6ae57abfd434347f60eca677431aaa73a44b36e5f3e6a27433ceb,0x656E867C2a176588679F89995AADdd322A36171A,OTCNetwork
0x05c05364766801f1b9151239a75a77644acc299b932a1061bddf42eafc12bd7b,0x343ff2f4eda52b8c9ebb1f11e9e4874df8a019e7,CPlinkAI
0xb8e049ec75d87e9c72b6bfeac8937c3afb9fd56aac660f59d1de1f6b057642ee,0x6525217c1e28943cf74cdcc686d8fd8f03fec5af,TheFirstDog
0x67ac1512187bb4b88ab53c802bc02a3cec5e70d9177fd56715a293edff19713a,0x65715fe0eaad2260fab4823995657e9593aa8f75,OpenSea
0xa4cd5661b49a779269f27bd8c4b259487969016f145568e8ec66bd0d7c605729,0x70278f36dbb42431833357ad138a86fb711ee32f,NewWorldOrderc20
0xf6c2d51c6cd41ad5b64dcc7aea20fc0687f3984e83a32466d03f8c88399d5954,0x2d1e3D4d9bD9C636f113d6c6eb8F40F8068C24a4,TransparentUpgradeableProxy
0xf8681753be797ee5769151fb85e001e34da3bf9260f2cbd3f5818d943f1de2e4,0x3af4579DB28c21Daee3D43eC51Ccf843dD8af2Fb,VISION
0x1f7845e2ab4f7c1b4acae133826a131a0568a636a1099ca951dfba472435c345,0x0888fd2960ddf57cfb561b59d73dd2b9524f6a26,Mikawa
0x8e31012b1ddb2540c614b221a859bad3090174bd683cb78ef50bb9701d15becb,0x905Ba45486ccDf41a8892620565FeC68c1701c54,SHIBNEX
0xb0d8bd37c66708c4fb29ddce95b9aab6fa6eecd7ea0b3b8da970f70dd8bddec7,0x85bBAB5353ba3AC87D654B6A6806b9a315AfBC52,Seelies
0x53699cd85d709761b46834c99b6e22af5afe2270ba1f4689348ff8739175ad8f,0x16019cBCF64280F10503a117609b523fED06aBdd,ETHPOOP
0x88e2a6f2a5c91b29f8e0e47f3bd00c33aaf97ed98ed26ceae3196efd05148f18,0xb8b59f3614e5e48e3fff94d71df62fd0f39ea533,Orange
0x5ea8cf4e3d67f62f536d9273a4f20667382af433f0aad5e3a7e3487189c0635a,0x5BC8C4B713B600bBBc9bFb52d524CcF59447Cb16,KASOKU
0xa653d83959595787f849fcb7027fd614a97788c89f614bc29f457b019a8e6610,0x3CD62db3D0b2f0Ee7818E1D578CdFEc182f24f14,ProjectOracle
0x63ff03d405ebd47230b9192e623b1e90bfc6ab7a76064d5f2e9d6eec3b0fefe2,0x7ed969e80c1fff9e9e9b44c1244269c147393bca,RoaringII
0x0363c9bf51b93c86fa35faa968f7cab0adcdc1e6be719330b758376b34cbdee3,0x95a2145691c7ac5c57da0e66025a5c1621e886bf,gm
0x569b7dac093c346404be49a9d6a1fbeb926a1277ce32e28457bb388d727ade00,0xa46b7bc96811cf3ca2483728505fd8a607576e5e,ElDoge
0x503d8f79bfaa388d3c4a5bef804d1ea3624e647ca851f930f2c3c55994c4eb1a,0xd042F398141A3a3db5278Dc8d990CD3B48543969,LoverBoiERC
0x2ee10fab3fdabd618639db9cecd9fe75266c617f925c29d9ae47f34fcfeb0721,0x0E72E8E2E8e8181BE4E57244265ed0e85629e9e6,TransparentUpgradeableProxy
0xc3b274af06e81cd73a0a4fff3d04e8b77f440dc082397defb081d9eef51f10f8,0x85dceda091335b17f81c3ee67f24343a901cd569,RangaInu
0xb77b4a8919293dacbb6b5703c0521d0259447d728490a917cede4968492818ae,0xAD2dBa87Ed6348454fD0AA7B85fD3BaD7f69c0E2,Lottery
0xb27a8779ffc06a2fc105b9d78ca36e744f9fe3b81a83856423a5b72bf5bbbd1f,0x771d4E51D106a65da594F8237d87BB7D5abAf25C,FLORA
0xc21dd8cad524ab2c7d635f16a572133dbb240fb9cd04443f2d9b48c15bc917d1,0xd6bb94381505dab923bfd280dfd26d230667b9bc,IterableMapping
0xc7e5bf9c28036dc73b6a517e527597d9ad446e7d70d49f70ebd5df95e052b001,0x72e7540fa71fc478e5e538ffd50e338037af7f01,DARUtilitiesToken
0x53563cbb1dfe9b2d6bec54bf0a44aa90b513d264346360d9b0be99ef9a0695f9,0x0652c0161AE5d8f2C5846c75d4F660169a98C8B2,RollyHugo
0xabc3906ad1beefa4c345f5e1309c4bf681ce3698d4e7d19b330837b403e2b192,0x2a11921de78a8147966c5412e5ed560cd4199f13,ANIMA
0x2d8ca485741025979f47aaa5e8f8bebd851af2f13021dd566ddc7e9d51051712,0x1d2831e5da7b8fc9ab3737138cb3568898c05d27,BoredGPTDegenBot
0x6656b430552eda1810bd2b619d7613033cd404dbdb4c7283ccf18eb66a0964e7,0x2c19d1da226dc68e54eda2bb03b45261c0aaec13,HiberStake
0x9ff33d80eee76b5b554f9635f6c8d4b8818498f90625d116a726eb15e6f58825,0xeA11d978CC6FD5603EdbC466b67fe70ED1021Ad2,OBI_DATTI_NFTs
0x3351929f15edf38ec3365a124c833931ed653fb8008e79327baa658567051218,0x189698046486aD75e28f3DEE4fC92B1fffF6fA5a,PETER_OBI_NFTs
0xccdddb015804a0577978b87a3bad739d6a4b134dce60c44458e2624771e2e6da,0x0b670bfdef0185e165823fd9bc5454facdeacd86,BasedAI
0x3833c239f351aaee488ad5559187e2cd5263cd487c0beecfc4e509ab30b148d3,0xd1ef0d6d3852291d69785e59bd6ce0f68200cb4d,Roaring
0x40cbaab9143b0adb028249bac6afe1077ab3dfa178001d09920e0ff3740aa688,0xe96cfCa70D919Aa60387CAbf9b0D7b044a423AEc,PUPPYSEASON
0x827c9861bba642b6a2322d07380c736f2ed3adfef69be99249babdf6fdeda5de,0x1d508d6B9beA3C6868d42f67DDA5aE7A39676F87,OPPAISEXBOT
0x1d2991eff713128805385428542d1e14c699dd3400896d6f17ce29b22673ebad,0x51f85fe4bd5107be6a9f0c7505e48bc1153e6b7a,BCYC
0xccae5a7773eb46a45571d7c4552bc990492afd358915ebd57b9b95d7122d67f5,0x4103895f478cc719b01a6f13a496e21a85bafc0a,OracleScriptBirds
0x5b9b3445c26c8f4e6b60cbdc49d1a94e3dac20596e4ea729ab05e84d52f7f187,0xd9c7c848a22f0ff4a5344c16ca87af48e9a6091d,Transmission
0x1ed54ed9568469e980c8f9c574473755472dee5a0b3385a1a2d31827afdcb280,0x8D9f8dA4fd4efC0f1e09B7229658E074cB9e9407,HuckleShiba
0x69ec0f18e49615790ec6766c29dff55b9105c19c8d78a3baa655ea7e0dd52c3b,0x78c6144cb721709e3ccabfe0e28f016da0495ecb,MisfitClubOfficial
0x44750fe1974b12d9b87cfd788752ead2cd9c91ff22862a66ee96326b4e1ce100,0x859b476265de514b9681425b786d65972361a065,LGPN
0x046fa0f5e4f2e83f433733b8092847fd7e2e4aed3c2acc433e0a4c3efa0d98a7,0xb61df824abf09483c9df03ce4f8a9c27f12cb9f7,HiberStake
0x694a7fe6a975bf55c2fc35b891061ddfd674580a0bf486c780ab70135044e491,0xd9c1a1f4487a6ca6e6e8b73632fa1166ed87714f,BingoAI
0x9f0b13a6ef60d3114707a3bd713516b68435375f7c86e4c51bbde08b3d4f89cb,0x85dd17f9aa96a4ae50ab2c77c22dfa9882d04add,MisfitClub
0x2ccaaaf367c35b518e2f15cbc4f0f81931ac5047e5f95b10fcf1070ba73f9307,0x21a915c4a7b2911acbfbe589aad7cdfd190fe02d,MAYO
0xe8c4f9b9d3fcc93b4bbcf192aaa24b5fd0709c0b6a4d6b0970e83c58cc9b1daf,0xe658f757799150f818a20444c5bff1b72194205e,MAYO
0x2c10a508db934a255176013e017bb78ae5acb3d2aecf092d84797a271254bdc8,0x85B43B522f59f692b308E29BB5CD7d6594F88507,OrdinalBot
0xa45d5b77c4f43d3c02da6b061540deb94bd02fc2c16af4a34b4fc89831970fa4,0xe76EF5247cB44813c2F080b0a4061B6785fdC610,TheEtherVirus
0xddbf5f2de15795a0948765163a0b492582cf07549a1cb5bcb96ff679634992ab,0x92f2123f93822cfa0452c0a08489c7b004b9fe53,AINIMALSGPT
0x8080236bac04437b13df59ba39deb91345eaab317cbebbee0ee316965781b586,0xcfbc9e78ceead9d692d42b90fc42460d7c556638,sunokiinu
0x9a63e06e40bb68fdf7df1ebd58e607d234609c2c101c72b1f3385dadf3799494,0xba051b8a89cc3bbe8d82b626ed3b97851d9e5ea5,EveryoneCat
0x0be71e04736013689a75e67f92a966b7c8cb5098016cab16c16e9dfb28004669,0x0fe28ab94cfcd6a8a65a0529c357a84733a9af76,NineCatZONES
0x228d746f15f3943c950636f7b695a63dd8d0d47f9fa542e4e0ab6d2f371a3218,0xe91ad52b6862c0c9dda0a3b3d6bd9781822ec976,SpecterSwap
0xfbcb0c8ad5f7584e4ed6156489398831dff1f8b13583946e41634f6637ef66c3,0x517a0db4ae592f3abb871996c90d64ed02cb8203,OrdinalInu
0x5f8b36480199a1f82cfdeff475d394ab94db9d669a6441384ba6ab74e68f905d,0xad10824204768c1d8864e3fc99cae3271071ed23,EveryWhereCat
0xfb6bd5ce183047e80cf84a0f7de270a2a2bb1cb581b35cd4fb2b15e3f6c24100,0xf1fda5dedc8b862f1a37c63a499cbc89d565718a,BidIt
0x003bcf0c9df3b99ad1b7f69d90389d080446d219631c914b77b59ad20a6a68a2,0x7d5db324115520e8f9b797b8ae5d164210cf84db,Mtnai
0x9464402958c875dec6c859c3e8723f75c153a6aa5807dbc696992f73b46638fd,0x226D26BD7a7EF9d5bF1BD423f36C5499Cd2BcC18,MDC
0x32c5c612e70577dc2e6798718bdf0a70686d7d479a891b47b2e9dc48e12a7e1f,0xdf63418af0bc0a3ec838730662fd0ab9defc2407,MIKAWA
0x9b5bc7f239fc0196f73117623a262a99a33363bd2a4021e1ebcb5b3ff4f18059,0x43ed829ec488b7cf8c240c86adb7b63cdfff8ba3,Fireworks
0xef57cccc2d61cf08476650e837695526061e39b7b639c7713e95e715fb957bda,0xb0c37d51270c5f1d566a33e1f991a3a2dfa15632,JE
0x7f2ee87b7bac901f1b450bbf255098f21b776dadbe48485c849803e5a8804e96,0x04a7edfc8bc794ba9f31f3e782343e2d640ccecd,SpecterSwap
0xfd0c7ef348ea79ef661464b7f0da5bf8e4e6893e0944b4dbe94361995eb95a04,0xc92c6010e45aadfc33160624519f47083bfab623,TheSmolWizardInSalonOfMagic
0xb072c2e17408f66458d60efeb23a364d7d78fabed088347b2abeb0b4d38cdc8c,0x16Be915af36f67679a66cbb1C5595C5f195Ed9D8,OrdinalAPE
0xcd28b53013704021b92924a0cbea0b29cae19902b9e4759fd5bb52dda97a9fe9,0x5437b704b1d5e1250300476efadb9623c679955a,ABFLOKI
0x7cc13c818473f055fea7a6415ac5dfa849b007355a8b498afa5f01a631ff7b24,0xf27D840659964B6639Ecbbaa17C0C43af1d7E374,Error404
0xe677667026dc8d5ee85a229143c0747ec518ca4d8323f35cfb2d5aceb788e1c9,0x4c5cf77dc4fc25254838f0506798d3fb0ec42c9b,ReReFinance
0x3e3646cf0cc358c11a8cc542894c945e5b9675160803c7751d0c1ce363c7c4f6,0x3f071103b5d2864bd8e2b9894fe3f70f26a1b42c,OrdinalBurger
0x0bcf29bb74c5602f3f3f67f4e1e4b95ae85bf817c59881ab20f5646cad0fb915,0xb0cf9eef248d0a3a8ef167b7da515cd545935d4a,TheCubesSalonofmagic
0x2fe6e4a524886a30c86b55a4da272dc99622e3ec6879af0076184fdde1aa1e7e,0xdccfbb961175d7a398db8cfa867376341c3715b9,ORDINATO
0x198fc6b5009459a230a52d4154e4d35db1c38e7788ee54fea3ce83692acb24c0,0x3032231fdfb8fc63f1160cec90316fb4705b8a36,IkaZuchiNoKami
0x9cc6e620cca2614a1d12fff3c58c33b92c050427222f6f86933b91370b9a3508,0xbc5c7a1d495f3e05f85ba2b0dccefb926f1121e9,TheMeshLinesSalonofmagic
0x1aaca4c20918c6acd1f6e1c73c32104ac06eddb4fe7cdf8af16b87dc1dc6f09b,0x272f93d397007eaf35f42c7f74164dbdce5140f1,MOCAVERSE
0x3398994cf19732cbb20353cac15915d0158f3b99c955ff3cadad9ae1a44d0303,0x05AB5a50F77B9957B51145B259F05E805D84E92e,Goliath
0xcc2b23c88397d9a648bc62d40e1037a008275db235ccb0c9be67c483c0a5a49b,0x5f909d890521ef765ac9cba35a1ae72207a64919,POGBT
0xaacde04f563cd6ab651687d56ca9332a5d56c8e8c6cf15d5f8c165a052fb1bca,0x4f881942ee8bbbcda2173ed842494c70bc5ae11d,TheMagicofChordOrbs
0x5d7f32eb9f007d5caee1e1c257953e80f65f400ba1a7dd129eead5d99afffb0a,0xCF237B7c5C50a02984487657523f3cBff268C214,TruthGPT
0x60fddd3e63bb08165acf8cfe60b1c8ae4df887479a00aff01cd5c03f99841b1f,0xa2c1cedeff9305666ca815446d2c6e74d625c1cc,Token
0x41dff8d5526aa321f3916b568f8c9ec5093302aacce2198f7e5720fd84d47f79,0xE9813435942Fb7CB1A9BD3b035a37273e07AFfAd,OrdinalBirth
0x35f771748659290a5a7451ccbc951f569348ca39a5063fa3a82bdba116019c49,0x519f278f61f7202299941efa8d2a3ef88c502123,OrdinalsFinance
0xe3318529db11a5b3d1821fbfb0572e80107a85e544616e14640b58569fac7fa8,0xD79C9424B8Ae454ABb832c6E631a89Cc7CDE0E45,YUZI
0x6ff2bfafa026955f0f6ffa772e5f1fca68b83706f698aa8d7802675853c29a69,0x525c783be181bc6f4efdb109770619e60bf13e95,ROTDOGE
0x856a380f1bb428a66e51d54d964510a172a70c4793703ce1b24c12c8728f9164,0x698402a6b902B9562995a0CDae10Dfd72eFc6Ad6,CatFace
